url,title,topic_category,off_intent,off_intent_reason,audit_recommendation,indexable_in_code,traffic,backlinks,owner_decision
/blog/how-to-choose-a-guest-post-publication-for-your-audience/,"How to choose a guest-post publication for your audience",Marketplace,false,"",keep,true,,,
/blog/a-practical-guest-post-budget-worksheet/,"A practical guest-post budget worksheet",Marketplace,false,"",keep,true,,,
/blog/domain-rating-and-domain-authority-a-comparison-worksheet/,"Domain Rating and Domain Authority: a comparison worksheet",Marketplace,false,"",keep,true,,,
/blog/how-to-read-a-publication-traffic-estimate/,"How to read a publication traffic estimate",Marketplace,false,"",keep,true,,,
/blog/what-to-confirm-in-a-guest-post-placement-brief/,"What to confirm in a guest-post placement brief",Marketplace,false,"",keep,true,,,
/blog/paid-link-disclosure-questions-to-ask-before-placement/,"Paid-link disclosure: questions to ask before placement",Marketplace,false,"",keep,true,,,
/blog/how-to-compare-publication-language-and-geography/,"How to compare publication language and geography",Marketplace,false,"",keep,true,,,
/blog/an-editorial-review-checklist-for-a-publication-shortlist/,"An editorial review checklist for a publication shortlist",Marketplace,false,"",keep,true,,,
/blog/placement-only-versus-article-writing-packages/,"Placement-only versus article-writing packages",Marketplace,false,"",keep,true,,,
/blog/what-to-record-after-a-placement-is-published/,"What to record after a placement is published",Marketplace,false,"",keep,true,,,
/blog/how-to-write-a-guest-post-brief-an-editor-can-use/,"How to write a guest-post brief an editor can use",Content,false,"",rewrite,true,,,
/blog/match-article-structure-to-the-reader-s-search-intent/,"Match article structure to the reader's search intent",Content,false,"",rewrite,true,,,
/blog/write-a-direct-answer-without-losing-important-context/,"Write a direct answer without losing important context",Content,false,"",rewrite,true,,,
/blog/a-source-log-for-fact-checking-content-drafts/,"A source log for fact-checking content drafts",Content,false,"",rewrite,true,,,
/blog/headlines-that-describe-the-article-instead-of-overselling-it/,"Headlines that describe the article instead of overselling it",Content,false,"",rewrite,true,,,
/blog/meta-descriptions-that-help-readers-choose-a-page/,"Meta descriptions that help readers choose a page",Content,false,"",rewrite,true,,,
/blog/how-to-write-helpful-faq-answers/,"How to write helpful FAQ answers",Content,false,"",rewrite,true,,,
/blog/image-alt-text-describe-purpose-not-every-pixel/,"Image alt text: describe purpose, not every pixel",Content,false,"",rewrite,true,,,
/blog/a-content-refresh-decision-log/,"A content-refresh decision log",Content,false,"",rewrite,true,,,
/blog/an-editorial-handoff-checklist-before-publication/,"An editorial handoff checklist before publication",Content,false,"",rewrite,true,,,
/blog/a-canonical-url-checklist-for-a-rebuilt-website/,"A canonical URL checklist for a rebuilt website",Technical SEO,true,"Site-implementation or migration topic; not aimed at guest-post buyers",noindex,false,,,
/blog/internal-links-that-make-an-article-library-easier-to-use/,"Internal links that make an article library easier to use",Technical SEO,true,"Site-implementation or migration topic; not aimed at guest-post buyers",noindex,false,,,
/blog/noindex-and-robots-txt-are-different-controls/,"Noindex and robots.txt are different controls",Technical SEO,true,"Site-implementation or migration topic; not aimed at guest-post buyers",noindex,false,,,
/blog/plan-a-sitemap-around-approved-public-pages/,"Plan a sitemap around approved public pages",Technical SEO,true,"Site-implementation or migration topic; not aimed at guest-post buyers",noindex,false,,,
/blog/a-structured-data-review-checklist-for-blog-articles/,"A structured-data review checklist for blog articles",Technical SEO,true,"Site-implementation or migration topic; not aimed at guest-post buyers",noindex,false,,,
/blog/check-server-rendered-article-content-before-launch/,"Check server-rendered article content before launch",Technical SEO,true,"Site-implementation or migration topic; not aimed at guest-post buyers",noindex,false,,,
/blog/a-responsive-article-page-qa-checklist/,"A responsive article-page QA checklist",Technical SEO,true,"Site-implementation or migration topic; not aimed at guest-post buyers",noindex,false,,,
/blog/choose-image-dimensions-and-formats-deliberately/,"Choose image dimensions and formats deliberately",Technical SEO,true,"Site-implementation or migration topic; not aimed at guest-post buyers",noindex,false,,,
/blog/measure-page-experience-with-a-repeatable-test-setup/,"Measure page experience with a repeatable test setup",Technical SEO,true,"Site-implementation or migration topic; not aimed at guest-post buyers",noindex,false,,,
/blog/a-wordpress-to-next-js-content-migration-worksheet/,"A WordPress-to-Next.js content migration worksheet",Technical SEO,true,"Site-implementation or migration topic; not aimed at guest-post buyers",noindex,false,,,
/blog/what-aeo-means-in-a-practical-content-workflow/,"What AEO means in a practical content workflow",AEO,false,"",rewrite,true,,,
/blog/build-a-question-map-before-drafting-answer-led-content/,"Build a question map before drafting answer-led content",AEO,false,"",rewrite,true,,,
/blog/definitions-that-remain-useful-outside-their-paragraph/,"Definitions that remain useful outside their paragraph",AEO,false,"",rewrite,true,,,
/blog/comparison-tables-that-preserve-meaningful-differences/,"Comparison tables that preserve meaningful differences",AEO,false,"",rewrite,true,,,
/blog/use-examples-to-make-an-answer-actionable/,"Use examples to make an answer actionable",AEO,false,"",rewrite,true,,,
/blog/keep-important-answers-available-as-readable-text/,"Keep important answers available as readable text",AEO,false,"",rewrite,true,,,
/blog/how-to-audit-an-answer-for-unsupported-certainty/,"How to audit an answer for unsupported certainty",AEO,false,"",rewrite,true,,,
/blog/plan-useful-follow-up-answers-without-duplicating-pages/,"Plan useful follow-up answers without duplicating pages",AEO,false,"",rewrite,true,,,
/blog/aeo-readiness-is-not-the-same-as-indexing-approval/,"AEO readiness is not the same as indexing approval",AEO,false,"",rewrite,true,,,
/blog/an-answer-quality-review-sheet-for-editors/,"An answer-quality review sheet for editors",AEO,false,"",rewrite,true,,,
/blog/what-geo-means-for-a-small-content-team/,"What GEO means for a small content team",GEO,false,"",rewrite,true,,,
/blog/build-an-evidence-inventory-before-writing-brand-claims/,"Build an evidence inventory before writing brand claims",GEO,false,"",rewrite,true,,,
/blog/keep-organization-information-consistent-across-content/,"Keep organization information consistent across content",GEO,false,"",rewrite,true,,,
/blog/original-observations-versus-hypothetical-examples/,"Original observations versus hypothetical examples",GEO,false,"",rewrite,true,,,
/blog/a-citation-ready-claim-has-a-clear-source-boundary/,"A citation-ready claim has a clear source boundary",GEO,false,"",rewrite,true,,,
/blog/geo-content-planning-without-publishing-query-duplicates/,"GEO content planning without publishing query duplicates",GEO,false,"",rewrite,true,,,
/blog/a-fair-comparison-page-brief-for-a-brand-website/,"A fair comparison-page brief for a brand website",GEO,false,"",rewrite,true,,,
/blog/ai-crawler-access-needs-a-documented-product-specific-policy/,"AI crawler access needs a documented product-specific policy",GEO,false,"",rewrite,true,,,
/blog/record-generative-search-appearances-as-observations/,"Record generative-search appearances as observations",GEO,false,"",rewrite,true,,,
/blog/a-geo-experiment-brief-with-a-useful-stopping-rule/,"A GEO experiment brief with a useful stopping rule",GEO,true,"Internal GEO experiment planning, not a guest-post buying question",rewrite,true,,,
/blog/a-practical-seo-measurement-plan-before-publishing/,"A practical SEO measurement plan before publishing",Measurement,false,"",keep,true,,,
/blog/search-console-and-analytics-answer-different-questions/,"Search Console and analytics answer different questions",Measurement,false,"",keep,true,,,
/blog/calculate-percentage-growth-without-hiding-the-baseline/,"Calculate percentage growth without hiding the baseline",Measurement,false,"",keep,true,,,
/blog/keep-missing-metrics-separate-from-zero/,"Keep missing metrics separate from zero",Measurement,false,"",keep,true,,,
/blog/a-referral-traffic-worksheet-for-publication-campaigns/,"A referral-traffic worksheet for publication campaigns",Measurement,false,"",keep,true,,,
/blog/a-content-experiment-log-that-records-confounders/,"A content experiment log that records confounders",Measurement,true,"Internal content-team experiment log, not a guest-post buying question",keep,true,,,
/blog/report-keyword-ideas-without-invented-demand-metrics/,"Report keyword ideas without invented demand metrics",Measurement,false,"",keep,true,,,
/blog/a-backlink-report-quality-check-before-analysis/,"A backlink-report quality check before analysis",Measurement,false,"",keep,true,,,
/blog/choose-a-reporting-window-before-evaluating-content/,"Choose a reporting window before evaluating content",Measurement,false,"",keep,true,,,
/blog/turn-an-seo-report-into-a-useful-next-action-list/,"Turn an SEO report into a useful next-action list",Measurement,false,"",keep,true,,,
