keyword,cluster,intent,keyword_type,target_url,url_status,merge_from,priority,volume,difficulty,data_source,serp_notes,notes
buy guest posts,marketplace,transactional/commercial,primary,/,existing,,P1,,,needs-data,"Observed 2026-10-05: provider landing pages and marketplaces dominate; public inventory, filters, pricing and process are prominent; SERP features not exposed by search provider",Homepage owns the primary buying intent
guest post marketplace,marketplace,transactional/commercial,primary,/,merge,/guest-post-marketplace/,P1,,,needs-data,"Observed 2026-10-05: mixed marketplace landing pages and explanatory guides; self-serve filtering is prominent; SERP features not exposed",Merge the competing article into the homepage
guest posting marketplace,marketplace,transactional/commercial,secondary,/,existing,,P1,,,needs-data,Same representative marketplace SERP observation as guest post marketplace,Variant belongs to homepage
guest post marketplace for agencies,marketplace,transactional/commercial,long-tail,/,existing,,P2,,,needs-data,"Observed 2026-10-05: agency-focused guides emphasize bulk workflow, filters and reporting",Address agency workflow on homepage rather than create a thin near-duplicate page
guest post sites,marketplace,informational,primary,/best-guest-blogging-sites-to-supercharge-your-seo/,existing,,P1,,,needs-data,"Observed 2026-10-05: list articles dominate, often with niche and metric tables",Make this a genuinely curated guide and link to marketplace filters
guest blogging sites,marketplace,informational,secondary,/best-guest-blogging-sites-to-supercharge-your-seo/,existing,,P1,,,needs-data,Same observed list-guide intent as guest post sites,One guide owns both close variants
best guest posting sites,marketplace,informational,long-tail,/best-guest-blogging-sites-to-supercharge-your-seo/,existing,,P1,,,needs-data,"Observed 2026-10-05: editorial lists and comparison pages dominate",Do not claim best without a disclosed evaluation method
how to buy guest posts,marketplace,informational,question-style,/how-to-buy-links/,existing,,P1,,,needs-data,"Hypothesis; not observed as a PAA question. Search observation for buy guest posts shows commercial provider pages",Rewrite as a compliance-aware buyer guide
are paid guest posts safe,marketplace,informational,question-style,/how-to-buy-links/,existing,,P1,,,needs-data,Hypothesis; not observed as PAA,Answer with risks and sponsored/nofollow requirements; never promise safety
guest posting services,guest-post-services,transactional/commercial,primary,/guests-blogging-services/,merge,/everything-you-need-to-know-about-guest-blogging-services/,P1,,,needs-data,"Observed 2026-10-05: agency/service landing pages and best-service comparisons dominate",Commercial page wins the overlap
guest blogging service,guest-post-services,transactional/commercial,secondary,/guests-blogging-services/,existing,,P1,,,needs-data,Same observed commercial service intent,Explain deliverables and link qualification
guest post packages,guest-post-services,transactional/commercial,secondary,/how-to-choose-right-guest-post-package-budget-seo-goals/,existing,,P2,,,needs-data,Representative results emphasize price per placement and service scope,Keep package selection distinct from the service landing page
how to choose a guest post service,guest-post-services,informational,question-style,/how-to-choose-right-guest-post-package-budget-seo-goals/,existing,,P2,,,needs-data,Hypothesis; not observed as PAA,Comparison checklist should disclose tradeoffs
guest posts by price,marketplace-filters,transactional/commercial,primary,/guest-posts-by-price/,merge,/monthly/,P1,,,needs-data,Inference from current marketplace taxonomy; paid volume data absent,Canonical price hub
cheap guest posts,marketplace-filters,transactional/commercial,long-tail,/price-0-to-50/,merge,/monthly-0-to-50/,P2,,,needs-data,Commercial hypothesis; validate in GSC or paid export,Avoid equating cheap with quality
guest posts $50 to $100,marketplace-filters,transactional/commercial,long-tail,/price-50-to-100/,merge,/monthly-50-to-100/,P2,,,needs-data,Commercial hypothesis; validate in GSC or paid export,Page and filter range must match exactly
guest posts $100 to $150,marketplace-filters,transactional/commercial,long-tail,/price-100-to-150/,merge,/monthly-100-to-150/,P3,,,needs-data,Commercial hypothesis; validate in GSC or paid export,Index only if unique inventory and demand justify it
guest posts $150 to $200,marketplace-filters,transactional/commercial,long-tail,/price-150-to-200/,merge,/monthly-150-to-200/,P3,,,needs-data,Commercial hypothesis; validate in GSC or paid export,Index only if unique inventory and demand justify it
guest posts over $200,marketplace-filters,transactional/commercial,long-tail,/price-200-above/,merge,/monthly-200-above/,P3,,,needs-data,Commercial hypothesis; validate in GSC or paid export,Index only if unique inventory and demand justify it
permanent guest posts,marketplace-filters,transactional/commercial,long-tail,/permanent/,existing,,P2,,,needs-data,Commercial hypothesis; validate definition and demand,State publisher/link-duration terms accurately
guest post sites by domain authority,marketplace-filters,transactional/commercial,primary,/guest-post-sites-by-domain-authority/,new,"/da1toda10/ /da10toda20/ /da20toda30/ /da30toda40/ /da40toda50/ /da50toda60-sites/ /da60toda70/ /da70toda80/ /da80toda90/ /da90toda100/",P1,,,needs-data,Metric-filter intent inferred from current site; validate in GSC,Create target before activating any redirects; DA is Moz terminology
high DA guest post sites,marketplace-filters,transactional/commercial,long-tail,/guest-post-sites-by-domain-authority/,new,,P1,,,needs-data,Commercial hypothesis; paid volume data absent,Use bands as filters on the single DA hub
guest post sites by domain rating,marketplace-filters,transactional/commercial,primary,/guest-post-by-dr/,merge,"/dr-0-to-20/ /dr-20-to-50/ /dr-50-above/",P1,,,needs-data,Current site and tool SERPs support metric-filter intent; no volume available,DR is Ahrefs proprietary; disclose provider and freshness
high DR guest post sites,marketplace-filters,transactional/commercial,long-tail,/guest-post-by-dr/,existing,,P1,,,needs-data,Commercial hypothesis; validate in GSC,Use a filter state not another indexable band page
guest post sites by trust flow,marketplace-filters,transactional/commercial,primary,/guest-posts-by-majestic-tf-10-to-50/,merge,"/trust-flow-0-to-10/ /trust-flow-10-to-50/ /trust-flow-21-to-30/ /trust-flow-31-to-40/ /trust-flow-41-to-50/ /trust-flow-50-and-above/ /trust-flow-above-50/",P2,,,needs-data,Metric-filter intent inferred from site; paid volume data absent,Trust Flow is Majestic terminology; disclose provider
guest post sites by traffic,marketplace-filters,transactional/commercial,primary,/guest-posts-by-traffic/,merge,"/zero-to-50k-traffic/ /50k-to-500k/ /100k-to-500k/ /above-500k/",P1,,,needs-data,Marketplace competitors emphasize traffic filtering,Define traffic source and update date
guest post sites by backlinks,marketplace-filters,transactional/commercial,primary,/guest-posts-by-backlinks/,merge,"/backlinks-0-to-100k/ /backlinks-100k-to-500k/ /backlinks-500k-above/",P2,,,needs-data,Metric-filter intent inferred from site; paid volume data absent,Explain why backlink count alone is not quality
business guest post sites,marketplace-segments,transactional/commercial,long-tail,/business-guest-post-sites/,new,,P2,,,needs-data,Topic hypothesis from marketplace filter; crawl sample is biased,Publish only after full inventory and demand validation
technology guest post sites,marketplace-segments,transactional/commercial,long-tail,/technology-guest-post-sites/,new,,P2,,,needs-data,Topic hypothesis from marketplace filter; crawl sample is biased,Publish only after full inventory and demand validation
finance guest post sites,marketplace-segments,transactional/commercial,long-tail,/finance-guest-post-sites/,new,,P3,,,needs-data,Topic hypothesis from marketplace filter; crawl sample is biased,Publish only after full inventory and demand validation
health guest post sites,marketplace-segments,transactional/commercial,long-tail,/health-guest-post-sites/,new,,P3,,,needs-data,Topic hypothesis from marketplace filter; crawl sample is biased,Apply higher trust and editorial-quality review
usa guest post sites,marketplace-segments,transactional/commercial,long-tail,/usa-guest-post-sites/,new,,P2,,,needs-data,Regional hypothesis; representative SERP research did not establish volume,Publish only after GSC/paid-demand and full-inventory validation
uk guest post sites,marketplace-segments,transactional/commercial,long-tail,/uk-guest-post-sites/,new,,P3,,,needs-data,Regional hypothesis; representative SERP research did not establish volume,Publish only after GSC/paid-demand and full-inventory validation
india guest post sites,marketplace-segments,transactional/commercial,long-tail,/india-guest-post-sites/,new,,P3,,,needs-data,Regional hypothesis; representative results show regional service targeting but not volume,Publish only after GSC/paid-demand and full-inventory validation
spanish guest post sites,marketplace-segments,transactional/commercial,long-tail,/spanish-guest-post-sites/,new,,P3,,,needs-data,Language hypothesis from marketplace filter; crawl sample is biased,English UI can filter Spanish inventory; not an hreflang page unless translated
content writing services,content-services,transactional/commercial,primary,/content-writing-services/,merge,"/exclusive-content/ /niche-blog-posts/",P1,,,needs-data,"Observed 2026-10-05: specialist agency landing pages dominate and emphasize process, expertise and deliverables",Consolidate thin satellites
seo content writing services,content-services,transactional/commercial,secondary,/content-writing-services/,existing,,P1,,,needs-data,Same observed service-page intent,Show research/editorial process without ranking guarantees
buy blog posts,content-services,transactional/commercial,primary,/buy-blog-posts/,merge,/request-a-custom-blog-post/,P2,,,needs-data,Commercial hypothesis based on confirmed offer,Clarify briefs revisions rights and delivery
seo optimized blog posts,content-services,transactional/commercial,secondary,/seo-optimized-blog-posts/,existing,,P2,,,needs-data,Commercial hypothesis based on confirmed offer,Do not promise rankings
content marketing services,content-services,transactional/commercial,primary,/content-marketing-services/,existing,,P2,,,needs-data,Broader agency intent; representative content-service SERPs are competitive,Keep scope distinct from writing-only service
proofreading and editing services,content-services,transactional/commercial,primary,/proofreading-editing/,existing,,P3,,,needs-data,Confirmed offer; demand not measured,Show service boundaries and samples only when real
plagiarism checking service,content-services,transactional/commercial,primary,/plagiarism-checking/,existing,,P3,,,needs-data,Confirmed offer; demand not measured,Disclose checker/provider and limitations
social media promotion services,content-services,transactional/commercial,primary,/social-media-promotion/,existing,,P3,,,needs-data,Confirmed offer; demand not measured,Avoid guaranteed reach or engagement claims
what is guest posting,guest-post-education,informational,primary,/what-is-guest-posting-and-why-it-still-matters-in-2025/,merge,"/why-guest-posting-still-works-in-2025-and-how-to-get-maximum-seo-value/ /the-real-benefits-of-guest-blogging-you-shouldnt-miss/",P1,,,needs-data,Informational guide intent inferred; update year-dependent slug content to evergreen,One comprehensive definition benefits and risks guide
does guest posting still work,guest-post-education,informational,question-style,/what-is-guest-posting-and-why-it-still-matters-in-2025/,merge,/why-guest-posting-still-works-in-2025-and-how-to-get-maximum-seo-value/,P1,,,needs-data,Hypothesis; not observed as PAA,Answer conditionally with policy and audience value
what are the benefits of guest blogging,guest-post-education,informational,question-style,/what-is-guest-posting-and-why-it-still-matters-in-2025/,merge,/the-real-benefits-of-guest-blogging-you-shouldnt-miss/,P2,,,needs-data,Hypothesis; not observed as PAA,Separate audience/referral benefits from ranking claims
how to build backlinks with guest blogging,guest-post-education,informational,long-tail,/complete-guide-building-high-authority-backlinks-guest-blogging/,existing,,P1,,,needs-data,Informational hypothesis; policy-sensitive,Lead with relevance and qualified paid links
what is domain authority,metrics-education,informational,primary,/definition-of-domain-authority-understanding-it-clearly/,existing,,P1,,,needs-data,Established metric-definition intent; no volume supplied,Explain that DA is Moz proprietary and not a Google metric
how do guest posts affect domain authority,metrics-education,informational,question-style,/how-guest-posts-improve-your-domain-authority-real-results-explained/,existing,,P2,,,needs-data,Hypothesis; not observed as PAA,Avoid causal promises; require evidence for case claims
what is domain rating,metrics-education,informational,primary,/guest-post-sites-by-domain-rating-why-dr-matters-link-building/,merge,/guest-post-sites-by-domain-rating-why-dr-matters-link-building-2/,P1,,,needs-data,Metric-definition intent; no volume supplied,Explain that DR is Ahrefs proprietary and not a Google metric
what is trust flow,metrics-education,informational,primary,/what-is-trust-flow-why-it-matters-buying-guest-posts/,existing,,P2,,,needs-data,Metric-definition intent; no volume supplied,Explain that Trust Flow is Majestic proprietary
free seo tools,seo-tools,informational,primary,/seo-tools/,existing,,P2,,,needs-data,"Broad tool-hub hypothesis; representative tool searches show dedicated tools but this exact SERP was not observed",Use as a curated hub for buyer-relevant SEO tools rather than a thin list
bulk domain rating checker,seo-tools,informational,primary,/bulk-domain-rating-checker-tool/,existing,,P1,,,needs-data,"Observed 2026-10-05 tool SERPs: established SEO data providers and dedicated interactive tools compete",Requires Ahrefs API or must label a different provider metric
competitor backlink analyzer,seo-tools,informational,primary,/competitor-backlink-analyzer/,existing,,P1,,,needs-data,"Observed 2026-10-05: dedicated tools promise referring-domain/backlink views; established index providers compete",Provider index freshness and limits must be explicit
keyword suggestion tool,seo-tools,informational,primary,/keyword-suggestion-tool/,existing,,P2,,,needs-data,Tool intent; provider choice and volume source unresolved,Do not fabricate suggestions or search volumes
high authority backlink generator,seo-tools,informational,primary,/high-authority-backlink-generator/,existing,,P3,,,needs-data,High-risk tool concept; no compliant ranking benefit can be promised,Reframe as citation/profile opportunity checker or educational workflow
keyword density checker,seo-tools,informational,primary,/keyword-density-checker/,existing,,P2,,,needs-data,Dedicated tool intent; competition representative not exhaustive,Explain that density is diagnostic not a target
image alt checker,seo-tools,informational,primary,/image-alt-checker/,existing,,P2,,,needs-data,Observed 2026-10-05 search results included audit tools and guides,Combine URL scan with accessibility guidance
schema markup generator,seo-tools,informational,primary,/online-schema-generator/,existing,,P2,,,needs-data,"Observed 2026-10-05: dedicated interactive generators dominate and support multiple schema types",Generate only visible-content-supported JSON-LD
schema markup validator,seo-tools,informational,primary,/schema-validator/,existing,,P2,,,needs-data,"Observed 2026-10-05: combined generator/validator tools and official validators compete",Link to Schema.org and Google validation
amp validator,seo-tools,informational,primary,/amp-validator/,existing,,P3,,,needs-data,Tool intent; demand and current relevance not measured,Keep because owner requested all tools; explain AMP is optional
open graph generator,seo-tools,informational,primary,/opengraph-generator/,existing,,P3,,,needs-data,Dedicated utility intent; demand not measured,Preview tags and validate required fields
twitter card generator,seo-tools,informational,primary,/twitter-card-generator/,existing,,P3,,,needs-data,Dedicated utility intent; demand not measured,Use current X/Twitter naming carefully
image compressor,media-tools,informational,primary,/compress-image/,existing,,P2,,,needs-data,Tool SERPs are highly competitive; representative observation only,Link to image SEO guidance and content service
image resizer,media-tools,informational,primary,/resize-image/,existing,,P2,,,needs-data,Tool SERPs are highly competitive; representative observation only,Explain aspect ratio and privacy
crop image online,media-tools,informational,primary,/crop-image/,existing,,P3,,,needs-data,Utility intent; demand not measured,Process locally where possible
rotate image online,media-tools,informational,primary,/rotate-image/,existing,,P3,,,needs-data,Utility intent; demand not measured,Process locally where possible
convert image to webp,media-tools,informational,primary,/image-to-webp-converter/,existing,,P2,,,needs-data,Competitive converter intent; representative observation only,Explain quality and transparency handling
webp to png converter,media-tools,informational,primary,/webp-to-png-converter/,existing,,P3,,,needs-data,Utility intent; demand not measured,Explain file handling and output limits
jpg to png converter,media-tools,informational,primary,/jpg-to-png-converter/,existing,,P3,,,needs-data,Utility intent; demand not measured,Explain transparency limitations
png to jpg converter,media-tools,informational,primary,/png-to-jpg-converter/,existing,,P3,,,needs-data,Utility intent; demand not measured,Explain background flattening
black and white image converter,media-tools,informational,primary,/image-to-bw/,existing,,P3,,,needs-data,Utility intent; demand not measured,Keep lightweight and locally processed
word counter,content-tools,informational,primary,/word-counter/,existing,,P2,,,needs-data,Highly competitive interactive-tool intent,Add reading-time and character counts without keyword-stuffing advice
text case converter,content-tools,informational,primary,/text-case-converter/,existing,,P3,,,needs-data,Utility intent; demand not measured,Link to writing services only contextually
reverse text,utility-tools,informational,primary,/reverse-text/,existing,,P3,,,needs-data,Peripheral utility intent; demand not measured,Owner requires rebuild; no forced marketplace CTA
base64 encode decode,utility-tools,informational,primary,/base64-encode-decode/,existing,,P3,,,needs-data,Developer utility intent; demand not measured,Warn that Base64 is encoding not encryption
hex to rgb converter,utility-tools,informational,primary,/hex-to-rgb/,existing,,P3,,,needs-data,Developer/design utility intent; demand not measured,No forced marketplace CTA
px to rem converter,utility-tools,informational,primary,/px-to-rem/,existing,,P3,,,needs-data,Developer utility intent; demand not measured,Allow configurable root font size
length converter,utility-tools,informational,primary,/length-converter/,existing,,P3,,,needs-data,Peripheral utility intent; demand not measured,Owner requires rebuild
temperature converter,utility-tools,informational,primary,/temperature-converter/,existing,,P3,,,needs-data,Peripheral utility intent; demand not measured,Owner requires rebuild
file size converter,utility-tools,informational,primary,/file-size-converter/,existing,,P3,,,needs-data,Developer utility intent; demand not measured,Distinguish decimal and binary units
