pattern,method_scope,planned_behavior,destination,status,activation_gate,source
"/feed/","GET HEAD","Preserve useful RSS feed if supported; otherwise410 only after confirming retirement","","pending","Inspect feed subscribers and current functionality; no unrelated homepage redirect","Agent2 plan; WordPress export missing"
"/comments/feed/","GET HEAD","Retire410 if comments feed is intentionally discontinued","","pending","Confirm comment migration and feed use first","Agent2 plan; WordPress export missing"
"/wp-json/*","ALL","Preserve required API compatibility or return appropriate API404/410 after dependency retirement","","pending","Inventory integrations and consumers; never redirect API POST to homepage","Agent2 plan; WooCommerce dependency audit needed"
"/?p=ID","GET HEAD","Exact301 using verified WordPress ID-to-final-slug export only","","pending","No fabricated IDs; unknown IDs return404; remove p only on verified match","Agent2 plan; WXR export needed"
"/category/uncategorized/","GET HEAD","Exact entry in redirect-map.csv; curated blog archive replacement","https://nameretailer.com/blog/","301 proposal","Review available performance/backlinks and record gaps and archive content parity","docs/redirect-map.csv"
"/author/*","GET HEAD","Known placeholder author in exact map; real named-author archives preserved individually","","pending","Verify identities; no blanket redirect of real author pages","docs/redirect-map.csv; author export needed"
"/page/N/","GET HEAD","Resolve actual archive scope;301 to corresponding pagination state if equivalent","","pending","Verify old template and N; never collapse every pageN to blog page 1","Agent2 plan; archive behavior inventory needed"
"/wp-content/uploads/*","GET HEAD","Serve original media paths where feasible; otherwise exact 301 old asset to verified equivalent","","pending","Collect media manifest including resized variants and attachments; no filename guessing or blanket homepage redirect","Agent2 plan; media export needed"
"/product/link-purchase/","GET HEAD","Keep compatibility utility for real generic purchase flow; noindex if not meaningful public product","","pending","Verify product/cart IDs and checkout contract; carry purchase intent only to equivalent flow","docs/01-project-context.md"
"/product/*","ALL","Resolve known products individually; preserve valid product purchase behavior","","pending","Product export and commerce route parity; no wildcard homepage redirect","Agent2 plan; WooCommerce export needed"
"/cart/","ALL","Keep cart and existing customer intent; noindex nofollow; private no-store","https://nameretailer.com/cart/","keep","Commerce compatibility and session regression tests before cutover","docs/01-project-context.md"
"/checkout/*","ALL","Keep checkout and endpoint semantics; noindex nofollow; private no-store","","keep","Payment callbacks and order-pay/order-received routes require verified equivalents","docs/01-project-context.md"
"/my-account/*","ALL","Keep account and order access; noindex nofollow; authenticated routes private no-store","","keep","Customer identity and history migration decision; order ownership tests","docs/01-project-context.md"
"/link-details/*","GET HEAD","Customer utility only; auth+noindex where retained; retirement410 only per verified route","","pending","Owner decision on buyer detail requirements and genuine retirement; five exact probes kept in map","docs/redirect-map.csv"
"/?add-to-cart=ID and /?wc-ajax=*","ALL","Preserve or replace documented commerce action semantics; never SEO-redirect mutation requests","","pending","Validate WooCommerce product IDs and action contracts; unknown actions fail without mutation","Agent2 plan; WooCommerce integration inventory needed"
"HTTP/www/case/slash variants of public HTML","GET HEAD","Single301 to canonical origin and final approved destination","","301 proposal","Resolve exact map before normalization; exempt assets API auth callback commerce POST and signed queries","Agent2 plan; Next.js and Caddy implementation verification required"
