old_url,new_url,status,reason,source
"https://nameretailer.com/custom-login/","https://nameretailer.com/custom-login/","keep","Preserve login compatibility and safe returnTo; noindex nofollow; no sitemap; session/auth routes private no-store","docs/existing-site-audit.csv; docs/01-project-context.md"
"https://nameretailer.com/link-details/cidadesdomeubrasil.com.br","https://nameretailer.com/link-details/cidadesdomeubrasil.com.br","keep","PENDING: preserve customer detail access; noindex and authentication/private cache if retained; 410 only after confirmed retirement and history review","docs/existing-site-audit.csv; docs/01-project-context.md"
"https://nameretailer.com/link-details/globaltimeblog.com","https://nameretailer.com/link-details/globaltimeblog.com","keep","PENDING: preserve customer detail access; noindex and authentication/private cache if retained; 410 only after confirmed retirement and history review","docs/existing-site-audit.csv; docs/01-project-context.md"
"https://nameretailer.com/link-details/heckhome.com","https://nameretailer.com/link-details/heckhome.com","keep","PENDING: preserve customer detail access; noindex and authentication/private cache if retained; 410 only after confirmed retirement and history review","docs/existing-site-audit.csv; docs/01-project-context.md"
"https://nameretailer.com/link-details/techradar.my.id","https://nameretailer.com/link-details/techradar.my.id","keep","PENDING: preserve customer detail access; noindex and authentication/private cache if retained; 410 only after confirmed retirement and history review","docs/existing-site-audit.csv; docs/01-project-context.md"
"https://nameretailer.com/link-details/thedailyencrypt.com","https://nameretailer.com/link-details/thedailyencrypt.com","keep","PENDING: preserve customer detail access; noindex and authentication/private cache if retained; 410 only after confirmed retirement and history review","docs/existing-site-audit.csv; docs/01-project-context.md"
"https://nameretailer.com/2025/07/12/","https://nameretailer.com/blog/","301","GATED PROPOSAL: Low-value archive or placeholder taxonomy; consolidate into the maintained blog hub; activate only after available evidence review with recorded history gaps and relevant destination200 readiness","docs/existing-site-audit.csv; docs/01-project-context.md"
"https://nameretailer.com/2025/09/26/","https://nameretailer.com/blog/","301","GATED PROPOSAL: Low-value archive or placeholder taxonomy; consolidate into the maintained blog hub; activate only after available evidence review with recorded history gaps and relevant destination200 readiness","docs/existing-site-audit.csv; docs/01-project-context.md"
"https://nameretailer.com/2025/10/02/","https://nameretailer.com/blog/","301","GATED PROPOSAL: Low-value archive or placeholder taxonomy; consolidate into the maintained blog hub; activate only after available evidence review with recorded history gaps and relevant destination200 readiness","docs/existing-site-audit.csv; docs/01-project-context.md"
"https://nameretailer.com/2026/04/26/","https://nameretailer.com/blog/","301","GATED PROPOSAL: Low-value archive or placeholder taxonomy; consolidate into the maintained blog hub; activate only after available evidence review with recorded history gaps and relevant destination200 readiness","docs/existing-site-audit.csv; docs/01-project-context.md"
"https://nameretailer.com/author/admin_123/","https://nameretailer.com/blog/","301","GATED PROPOSAL: Low-value archive or placeholder taxonomy; consolidate into the maintained blog hub; activate only after available evidence review with recorded history gaps and relevant destination200 readiness","docs/existing-site-audit.csv; docs/01-project-context.md"
"https://nameretailer.com/blog/","https://nameretailer.com/blog/","keep","Keep the blog hub, add one H1, topic navigation and contextual links","docs/existing-site-audit.csv; docs/01-project-context.md"
"https://nameretailer.com/category/uncategorized/","https://nameretailer.com/blog/","301","GATED PROPOSAL: Low-value archive or placeholder taxonomy; consolidate into the maintained blog hub; activate only after available evidence review with recorded history gaps and relevant destination200 readiness","docs/existing-site-audit.csv; docs/01-project-context.md"
"https://nameretailer.com/2824-2/","https://nameretailer.com/google-ranking-strategies/","301","GATED PROPOSAL: Opaque slug for an on-page SEO article; fold useful sections into the existing ranking guide; activate only after available evidence review with recorded history gaps and relevant destination200 readiness","docs/existing-site-audit.csv; docs/01-project-context.md"
"https://nameretailer.com/best-guest-blogging-sites-to-supercharge-your-seo/","https://nameretailer.com/best-guest-blogging-sites-to-supercharge-your-seo/","keep","Distinct, relevant informational intent; rewrite for accuracy, evidence and internal links","docs/existing-site-audit.csv; docs/01-project-context.md"
"https://nameretailer.com/complete-guide-building-high-authority-backlinks-guest-blogging/","https://nameretailer.com/complete-guide-building-high-authority-backlinks-guest-blogging/","keep","Distinct, relevant informational intent; rewrite for accuracy, evidence and internal links","docs/existing-site-audit.csv; docs/01-project-context.md"
"https://nameretailer.com/definition-of-domain-authority-understanding-it-clearly/","https://nameretailer.com/definition-of-domain-authority-understanding-it-clearly/","keep","Distinct, relevant informational intent; rewrite for accuracy, evidence and internal links","docs/existing-site-audit.csv; docs/01-project-context.md"
"https://nameretailer.com/everything-you-need-to-know-about-guest-blogging-services/","https://nameretailer.com/guests-blogging-services/","301","GATED PROPOSAL: Cannibalizes the commercial guest blogging service page; activate only after available evidence review with recorded history gaps and relevant destination200 readiness","docs/existing-site-audit.csv; docs/01-project-context.md"
"https://nameretailer.com/guest-post-marketplace/","https://nameretailer.com/","301","GATED PROPOSAL: Competes with the homepage for the primary marketplace intent; activate only after available evidence review with recorded history gaps and relevant destination200 readiness","docs/existing-site-audit.csv; docs/01-project-context.md"
"https://nameretailer.com/guest-post-sites-by-domain-rating-why-dr-matters-link-building-2/","https://nameretailer.com/guest-post-sites-by-domain-rating-why-dr-matters-link-building/","301","GATED PROPOSAL: Duplicate DR article; activate only after available evidence review with recorded history gaps and relevant destination200 readiness","docs/existing-site-audit.csv; docs/01-project-context.md"
"https://nameretailer.com/guest-post-sites-by-domain-rating-why-dr-matters-link-building/","https://nameretailer.com/guest-post-sites-by-domain-rating-why-dr-matters-link-building/","keep","Distinct, relevant informational intent; rewrite for accuracy, evidence and internal links","docs/existing-site-audit.csv; docs/01-project-context.md"
"https://nameretailer.com/hello-world/","","410","GATED PROPOSAL: WordPress/test content with no durable search intent; confirm retirement and available evidence review with recorded history gaps before activation","docs/existing-site-audit.csv; docs/01-project-context.md"
"https://nameretailer.com/how-guest-posts-improve-your-domain-authority-real-results-explained/","https://nameretailer.com/how-guest-posts-improve-your-domain-authority-real-results-explained/","keep","Distinct, relevant informational intent; rewrite for accuracy, evidence and internal links","docs/existing-site-audit.csv; docs/01-project-context.md"
"https://nameretailer.com/how-to-buy-links/","https://nameretailer.com/how-to-buy-links/","keep","Distinct, relevant informational intent; rewrite for accuracy, evidence and internal links","docs/existing-site-audit.csv; docs/01-project-context.md"
"https://nameretailer.com/how-to-choose-right-guest-post-package-budget-seo-goals/","https://nameretailer.com/how-to-choose-right-guest-post-package-budget-seo-goals/","keep","Distinct, relevant informational intent; rewrite for accuracy, evidence and internal links","docs/existing-site-audit.csv; docs/01-project-context.md"
"https://nameretailer.com/seo-optimized-blog-posts-vs-regular-blog-posts-whats-the-real-difference/","https://nameretailer.com/seo-optimized-blog-posts-vs-regular-blog-posts-whats-the-real-difference/","keep","Distinct, relevant informational intent; rewrite for accuracy, evidence and internal links","docs/existing-site-audit.csv; docs/01-project-context.md"
"https://nameretailer.com/test-blog-post/","","410","GATED PROPOSAL: WordPress/test content with no durable search intent; confirm retirement and available evidence review with recorded history gaps before activation","docs/existing-site-audit.csv; docs/01-project-context.md"
"https://nameretailer.com/the-real-benefits-of-guest-blogging-you-shouldnt-miss/","https://nameretailer.com/what-is-guest-posting-and-why-it-still-matters-in-2025/","301","GATED PROPOSAL: Overlapping explanatory guest-posting intent; consolidate into one evergreen guide; activate only after available evidence review with recorded history gaps and relevant destination200 readiness","docs/existing-site-audit.csv; docs/01-project-context.md"
"https://nameretailer.com/what-is-guest-posting-and-why-it-still-matters-in-2025/","https://nameretailer.com/what-is-guest-posting-and-why-it-still-matters-in-2025/","keep","Distinct, relevant informational intent; rewrite for accuracy, evidence and internal links","docs/existing-site-audit.csv; docs/01-project-context.md"
"https://nameretailer.com/what-is-trust-flow-why-it-matters-buying-guest-posts/","https://nameretailer.com/what-is-trust-flow-why-it-matters-buying-guest-posts/","keep","Distinct, relevant informational intent; rewrite for accuracy, evidence and internal links","docs/existing-site-audit.csv; docs/01-project-context.md"
"https://nameretailer.com/why-guest-posting-still-works-in-2025-and-how-to-get-maximum-seo-value/","https://nameretailer.com/what-is-guest-posting-and-why-it-still-matters-in-2025/","301","GATED PROPOSAL: Overlapping explanatory guest-posting intent; consolidate into one evergreen guide; activate only after available evidence review with recorded history gaps and relevant destination200 readiness","docs/existing-site-audit.csv; docs/01-project-context.md"
"https://nameretailer.com/community-guidelines/","","410","GATED PROPOSAL: No confirmed community product or verifiable review corpus in scope; confirm retirement and available evidence review with recorded history gaps before activation","docs/existing-site-audit.csv; docs/01-project-context.md"
"https://nameretailer.com/networking-opportunities/","https://nameretailer.com/blog/","301","GATED PROPOSAL: Peripheral community content; preserve any useful material in the blog; activate only after available evidence review with recorded history gaps and relevant destination200 readiness","docs/existing-site-audit.csv; docs/01-project-context.md"
"https://nameretailer.com/top-blogging-forums-to-join-and-grow-your-blogging-journey/","https://nameretailer.com/blog/","301","GATED PROPOSAL: Peripheral community content; preserve any useful material in the blog; activate only after available evidence review with recorded history gaps and relevant destination200 readiness","docs/existing-site-audit.csv; docs/01-project-context.md"
"https://nameretailer.com/user-reviews/","","410","GATED PROPOSAL: No confirmed community product or verifiable review corpus in scope; confirm retirement and available evidence review with recorded history gaps before activation","docs/existing-site-audit.csv; docs/01-project-context.md"
"https://nameretailer.com/writers-community/","https://nameretailer.com/blog/","301","GATED PROPOSAL: Peripheral community content; preserve any useful material in the blog; activate only after available evidence review with recorded history gaps and relevant destination200 readiness","docs/existing-site-audit.csv; docs/01-project-context.md"
"http://www.nameretailer.com/","https://nameretailer.com/","301","NORMALIZATION: Normalize HTTP and www in one hop to the canonical origin; verify final301 in one hop","docs/existing-site-audit.csv; docs/01-project-context.md"
"https://nameretailer.com/","https://nameretailer.com/","keep","Primary commercial marketplace page; retain and substantially expand trustworthy buyer guidance","docs/existing-site-audit.csv; docs/01-project-context.md"
"https://www.nameretailer.com/","https://nameretailer.com/","301","NORMALIZATION: Normalize the www host to the canonical HTTPS origin; verify final301 in one hop","docs/existing-site-audit.csv; docs/01-project-context.md"
"https://nameretailer.com/cookie-policy/","https://nameretailer.com/cookie-policy/","keep","Retain useful distinct intent; correct metadata, claims, schema and internal linking","docs/existing-site-audit.csv; docs/01-project-context.md"
"https://nameretailer.com/copyright-policy/","https://nameretailer.com/copyright-policy/","keep","Retain useful distinct intent; correct metadata, claims, schema and internal linking","docs/existing-site-audit.csv; docs/01-project-context.md"
"https://nameretailer.com/dmca-compliance-policy/","https://nameretailer.com/dmca-compliance-policy/","keep","Retain useful distinct intent; correct metadata, claims, schema and internal linking","docs/existing-site-audit.csv; docs/01-project-context.md"
"https://nameretailer.com/refund-policy/","https://nameretailer.com/refund-policy/","keep","Retain useful distinct intent; correct metadata, claims, schema and internal linking","docs/existing-site-audit.csv; docs/01-project-context.md"
"https://nameretailer.com/terms-privacy/","https://nameretailer.com/terms-privacy/","keep","Retain useful distinct intent; correct metadata, claims, schema and internal linking","docs/existing-site-audit.csv; docs/01-project-context.md"
"https://nameretailer.com/user-agreement/","https://nameretailer.com/user-agreement/","keep","Retain useful distinct intent; correct metadata, claims, schema and internal linking","docs/existing-site-audit.csv; docs/01-project-context.md"
"https://nameretailer.com/100k-to-500k/","https://nameretailer.com/guest-posts-by-traffic/","301","GATED PROPOSAL: Overlapping traffic ranges should be filter states under one useful landing page; activate only after available evidence review with recorded history gaps and relevant destination200 readiness","docs/existing-site-audit.csv; docs/01-project-context.md"
"https://nameretailer.com/50k-to-500k/","https://nameretailer.com/guest-posts-by-traffic/","301","GATED PROPOSAL: Overlapping traffic ranges should be filter states under one useful landing page; activate only after available evidence review with recorded history gaps and relevant destination200 readiness","docs/existing-site-audit.csv; docs/01-project-context.md"
"https://nameretailer.com/above-500k/","https://nameretailer.com/guest-posts-by-traffic/","301","GATED PROPOSAL: Overlapping traffic ranges should be filter states under one useful landing page; activate only after available evidence review with recorded history gaps and relevant destination200 readiness","docs/existing-site-audit.csv; docs/01-project-context.md"
"https://nameretailer.com/backlinks-0-to-100k/","https://nameretailer.com/guest-posts-by-backlinks/","301","GATED PROPOSAL: Thin or empty backlink-band pages should be filter states; activate only after available evidence review with recorded history gaps and relevant destination200 readiness","docs/existing-site-audit.csv; docs/01-project-context.md"
"https://nameretailer.com/backlinks-100k-to-500k/","https://nameretailer.com/guest-posts-by-backlinks/","301","GATED PROPOSAL: Thin or empty backlink-band pages should be filter states; activate only after available evidence review with recorded history gaps and relevant destination200 readiness","docs/existing-site-audit.csv; docs/01-project-context.md"
"https://nameretailer.com/backlinks-500k-above/","https://nameretailer.com/guest-posts-by-backlinks/","301","GATED PROPOSAL: Thin or empty backlink-band pages should be filter states; activate only after available evidence review with recorded history gaps and relevant destination200 readiness","docs/existing-site-audit.csv; docs/01-project-context.md"
"https://nameretailer.com/da10toda20/","https://nameretailer.com/guest-post-sites-by-domain-authority/","301","GATED PROPOSAL: Templated DA bands should consolidate into one useful DA landing page with filter states; activate only after available evidence review with recorded history gaps and relevant destination200 readiness","docs/existing-site-audit.csv; docs/01-project-context.md"
"https://nameretailer.com/da1toda10/","https://nameretailer.com/guest-post-sites-by-domain-authority/","301","GATED PROPOSAL: Templated DA bands should consolidate into one useful DA landing page with filter states; activate only after available evidence review with recorded history gaps and relevant destination200 readiness","docs/existing-site-audit.csv; docs/01-project-context.md"
"https://nameretailer.com/da20toda30/","https://nameretailer.com/guest-post-sites-by-domain-authority/","301","GATED PROPOSAL: Templated DA bands should consolidate into one useful DA landing page with filter states; activate only after available evidence review with recorded history gaps and relevant destination200 readiness","docs/existing-site-audit.csv; docs/01-project-context.md"
"https://nameretailer.com/da30toda40/","https://nameretailer.com/guest-post-sites-by-domain-authority/","301","GATED PROPOSAL: Templated DA bands should consolidate into one useful DA landing page with filter states; activate only after available evidence review with recorded history gaps and relevant destination200 readiness","docs/existing-site-audit.csv; docs/01-project-context.md"
"https://nameretailer.com/da40toda50/","https://nameretailer.com/guest-post-sites-by-domain-authority/","301","GATED PROPOSAL: Templated DA bands should consolidate into one useful DA landing page with filter states; activate only after available evidence review with recorded history gaps and relevant destination200 readiness","docs/existing-site-audit.csv; docs/01-project-context.md"
"https://nameretailer.com/da50toda60-sites/","https://nameretailer.com/guest-post-sites-by-domain-authority/","301","GATED PROPOSAL: Templated DA bands should consolidate into one useful DA landing page with filter states; activate only after available evidence review with recorded history gaps and relevant destination200 readiness","docs/existing-site-audit.csv; docs/01-project-context.md"
"https://nameretailer.com/da60toda70/","https://nameretailer.com/guest-post-sites-by-domain-authority/","301","GATED PROPOSAL: Templated DA bands should consolidate into one useful DA landing page with filter states; activate only after available evidence review with recorded history gaps and relevant destination200 readiness","docs/existing-site-audit.csv; docs/01-project-context.md"
"https://nameretailer.com/da70toda80/","https://nameretailer.com/guest-post-sites-by-domain-authority/","301","GATED PROPOSAL: Templated DA bands should consolidate into one useful DA landing page with filter states; activate only after available evidence review with recorded history gaps and relevant destination200 readiness","docs/existing-site-audit.csv; docs/01-project-context.md"
"https://nameretailer.com/da80toda90/","https://nameretailer.com/guest-post-sites-by-domain-authority/","301","GATED PROPOSAL: Templated DA bands should consolidate into one useful DA landing page with filter states; activate only after available evidence review with recorded history gaps and relevant destination200 readiness","docs/existing-site-audit.csv; docs/01-project-context.md"
"https://nameretailer.com/da90toda100/","https://nameretailer.com/guest-post-sites-by-domain-authority/","301","GATED PROPOSAL: Templated DA bands should consolidate into one useful DA landing page with filter states; activate only after available evidence review with recorded history gaps and relevant destination200 readiness","docs/existing-site-audit.csv; docs/01-project-context.md"
"https://nameretailer.com/dr-0-to-20/","https://nameretailer.com/guest-post-by-dr/","301","GATED PROPOSAL: Thin DR-band pages should be filter states, not competing indexable pages; activate only after available evidence review with recorded history gaps and relevant destination200 readiness","docs/existing-site-audit.csv; docs/01-project-context.md"
"https://nameretailer.com/dr-20-to-50/","https://nameretailer.com/guest-post-by-dr/","301","GATED PROPOSAL: Thin DR-band pages should be filter states, not competing indexable pages; activate only after available evidence review with recorded history gaps and relevant destination200 readiness","docs/existing-site-audit.csv; docs/01-project-context.md"
"https://nameretailer.com/dr-50-above/","https://nameretailer.com/guest-post-by-dr/","301","GATED PROPOSAL: Thin DR-band pages should be filter states, not competing indexable pages; activate only after available evidence review with recorded history gaps and relevant destination200 readiness","docs/existing-site-audit.csv; docs/01-project-context.md"
"https://nameretailer.com/guest-post-by-dr/","https://nameretailer.com/guest-post-by-dr/","keep","Canonical landing page for Domain Rating filters","docs/existing-site-audit.csv; docs/01-project-context.md"
"https://nameretailer.com/guest-posts-by-backlinks/","https://nameretailer.com/guest-posts-by-backlinks/","keep","Canonical landing page for backlink-count filtering","docs/existing-site-audit.csv; docs/01-project-context.md"
"https://nameretailer.com/guest-posts-by-majestic-tf-10-to-50/","https://nameretailer.com/guest-posts-by-majestic-tf-10-to-50/","keep","Canonical landing page for Majestic Trust Flow filters","docs/existing-site-audit.csv; docs/01-project-context.md"
"https://nameretailer.com/guest-posts-by-price/","https://nameretailer.com/guest-posts-by-price/","keep","Distinct commercial filter intent with inventory; retain but add unique guidance and correct claims","docs/existing-site-audit.csv; docs/01-project-context.md"
"https://nameretailer.com/guest-posts-by-traffic/","https://nameretailer.com/guest-posts-by-traffic/","keep","Canonical landing page for traffic filtering","docs/existing-site-audit.csv; docs/01-project-context.md"
"https://nameretailer.com/monthly-0-to-50/","https://nameretailer.com/monthly-0-to-50/","keep","PENDING: retain until owner confirms billing/placement meaning and GSC/backlink evidence; proposed price merge is not active","docs/existing-site-audit.csv; docs/01-project-context.md"
"https://nameretailer.com/monthly-100-to-150/","https://nameretailer.com/monthly-100-to-150/","keep","PENDING: retain until owner confirms billing/placement meaning and GSC/backlink evidence; proposed price merge is not active","docs/existing-site-audit.csv; docs/01-project-context.md"
"https://nameretailer.com/monthly-150-to-200/","https://nameretailer.com/monthly-150-to-200/","keep","PENDING: retain until owner confirms billing/placement meaning and GSC/backlink evidence; proposed price merge is not active","docs/existing-site-audit.csv; docs/01-project-context.md"
"https://nameretailer.com/monthly-200-above/","https://nameretailer.com/monthly-200-above/","keep","PENDING: retain until owner confirms billing/placement meaning and GSC/backlink evidence; proposed price merge is not active","docs/existing-site-audit.csv; docs/01-project-context.md"
"https://nameretailer.com/monthly-50-to-100/","https://nameretailer.com/monthly-50-to-100/","keep","PENDING: retain until owner confirms billing/placement meaning and GSC/backlink evidence; proposed price merge is not active","docs/existing-site-audit.csv; docs/01-project-context.md"
"https://nameretailer.com/monthly/","https://nameretailer.com/monthly/","keep","PENDING: retain until owner confirms billing/placement meaning and GSC/backlink evidence; proposed price merge is not active","docs/existing-site-audit.csv; docs/01-project-context.md"
"https://nameretailer.com/permanent/","https://nameretailer.com/permanent/","keep","Distinct commercial filter intent with inventory; retain but add unique guidance and correct claims","docs/existing-site-audit.csv; docs/01-project-context.md"
"https://nameretailer.com/price-0-to-50/","https://nameretailer.com/price-0-to-50/","keep","Distinct commercial filter intent with inventory; retain but add unique guidance and correct claims","docs/existing-site-audit.csv; docs/01-project-context.md"
"https://nameretailer.com/price-100-to-150/","https://nameretailer.com/price-100-to-150/","keep","Distinct commercial filter intent with inventory; retain but add unique guidance and correct claims","docs/existing-site-audit.csv; docs/01-project-context.md"
"https://nameretailer.com/price-150-to-200/","https://nameretailer.com/price-150-to-200/","keep","Distinct commercial filter intent with inventory; retain but add unique guidance and correct claims","docs/existing-site-audit.csv; docs/01-project-context.md"
"https://nameretailer.com/price-200-above/","https://nameretailer.com/price-200-above/","keep","Distinct commercial filter intent with inventory; retain but add unique guidance and correct claims","docs/existing-site-audit.csv; docs/01-project-context.md"
"https://nameretailer.com/price-50-to-100/","https://nameretailer.com/price-50-to-100/","keep","Distinct commercial filter intent with inventory; retain but add unique guidance and correct claims","docs/existing-site-audit.csv; docs/01-project-context.md"
"https://nameretailer.com/products/","https://nameretailer.com/","301","GATED PROPOSAL: Empty generic product archive duplicates the marketplace; activate only after available evidence review with recorded history gaps and relevant destination200 readiness","docs/existing-site-audit.csv; docs/01-project-context.md"
"https://nameretailer.com/trust-flow-0-to-10/","https://nameretailer.com/guest-posts-by-majestic-tf-10-to-50/","301","GATED PROPOSAL: Overlapping, thin or empty Trust Flow ranges should become non-indexable filter states; activate only after available evidence review with recorded history gaps and relevant destination200 readiness","docs/existing-site-audit.csv; docs/01-project-context.md"
"https://nameretailer.com/trust-flow-10-to-50/","https://nameretailer.com/guest-posts-by-majestic-tf-10-to-50/","301","GATED PROPOSAL: Overlapping, thin or empty Trust Flow ranges should become non-indexable filter states; activate only after available evidence review with recorded history gaps and relevant destination200 readiness","docs/existing-site-audit.csv; docs/01-project-context.md"
"https://nameretailer.com/trust-flow-21-to-30/","https://nameretailer.com/guest-posts-by-majestic-tf-10-to-50/","301","GATED PROPOSAL: Overlapping, thin or empty Trust Flow ranges should become non-indexable filter states; activate only after available evidence review with recorded history gaps and relevant destination200 readiness","docs/existing-site-audit.csv; docs/01-project-context.md"
"https://nameretailer.com/trust-flow-31-to-40/","https://nameretailer.com/guest-posts-by-majestic-tf-10-to-50/","301","GATED PROPOSAL: Overlapping, thin or empty Trust Flow ranges should become non-indexable filter states; activate only after available evidence review with recorded history gaps and relevant destination200 readiness","docs/existing-site-audit.csv; docs/01-project-context.md"
"https://nameretailer.com/trust-flow-41-to-50/","https://nameretailer.com/guest-posts-by-majestic-tf-10-to-50/","301","GATED PROPOSAL: Overlapping, thin or empty Trust Flow ranges should become non-indexable filter states; activate only after available evidence review with recorded history gaps and relevant destination200 readiness","docs/existing-site-audit.csv; docs/01-project-context.md"
"https://nameretailer.com/trust-flow-50-and-above/","https://nameretailer.com/guest-posts-by-majestic-tf-10-to-50/","301","GATED PROPOSAL: Overlapping, thin or empty Trust Flow ranges should become non-indexable filter states; activate only after available evidence review with recorded history gaps and relevant destination200 readiness","docs/existing-site-audit.csv; docs/01-project-context.md"
"https://nameretailer.com/trust-flow-above-50/","https://nameretailer.com/guest-posts-by-majestic-tf-10-to-50/","301","GATED PROPOSAL: Overlapping, thin or empty Trust Flow ranges should become non-indexable filter states; activate only after available evidence review with recorded history gaps and relevant destination200 readiness","docs/existing-site-audit.csv; docs/01-project-context.md"
"https://nameretailer.com/zero-to-50k-traffic/","https://nameretailer.com/guest-posts-by-traffic/","301","GATED PROPOSAL: Overlapping traffic ranges should be filter states under one useful landing page; activate only after available evidence review with recorded history gaps and relevant destination200 readiness","docs/existing-site-audit.csv; docs/01-project-context.md"
"https://nameretailer.com/about/","https://nameretailer.com/about/","keep","Retain useful distinct intent; correct metadata, claims, schema and internal linking","docs/existing-site-audit.csv; docs/01-project-context.md"
"https://nameretailer.com/blog-post-formatting-guide/","https://nameretailer.com/blog-post-formatting-guide/","keep","Retain useful distinct intent; correct metadata, claims, schema and internal linking","docs/existing-site-audit.csv; docs/01-project-context.md"
"https://nameretailer.com/blogging-tips-tricks/","https://nameretailer.com/blogging-tips-tricks/","keep","Retain useful distinct intent; correct metadata, claims, schema and internal linking","docs/existing-site-audit.csv; docs/01-project-context.md"
"https://nameretailer.com/google-ranking-strategies/","https://nameretailer.com/google-ranking-strategies/","keep","Retain useful distinct intent; correct metadata, claims, schema and internal linking","docs/existing-site-audit.csv; docs/01-project-context.md"
"https://nameretailer.com/headline-writing-tips/","https://nameretailer.com/headline-writing-tips/","keep","Retain useful distinct intent; correct metadata, claims, schema and internal linking","docs/existing-site-audit.csv; docs/01-project-context.md"
"https://nameretailer.com/keyword-research-guide/","https://nameretailer.com/keyword-research-guide/","keep","Retain useful distinct intent; correct metadata, claims, schema and internal linking","docs/existing-site-audit.csv; docs/01-project-context.md"
"https://nameretailer.com/popular-article-categories/","https://nameretailer.com/popular-article-categories/","keep","Retain useful distinct intent; correct metadata, claims, schema and internal linking","docs/existing-site-audit.csv; docs/01-project-context.md"
"https://nameretailer.com/trending-articles/","https://nameretailer.com/trending-articles/","keep","Retain useful distinct intent; correct metadata, claims, schema and internal linking","docs/existing-site-audit.csv; docs/01-project-context.md"
"https://nameretailer.com/buy-blog-posts/","https://nameretailer.com/buy-blog-posts/","keep","Retain useful distinct intent; correct metadata, claims, schema and internal linking","docs/existing-site-audit.csv; docs/01-project-context.md"
"https://nameretailer.com/content-marketing-services/","https://nameretailer.com/content-marketing-services/","keep","Retain useful distinct intent; correct metadata, claims, schema and internal linking","docs/existing-site-audit.csv; docs/01-project-context.md"
"https://nameretailer.com/content-writing-services/","https://nameretailer.com/content-writing-services/","keep","Retain useful distinct intent; correct metadata, claims, schema and internal linking","docs/existing-site-audit.csv; docs/01-project-context.md"
"https://nameretailer.com/exclusive-content/","https://nameretailer.com/content-writing-services/","301","GATED PROPOSAL: Thin overlapping content-writing offer; activate only after available evidence review with recorded history gaps and relevant destination200 readiness","docs/existing-site-audit.csv; docs/01-project-context.md"
"https://nameretailer.com/guests-blogging-services/","https://nameretailer.com/guests-blogging-services/","keep","Retain useful distinct intent; correct metadata, claims, schema and internal linking","docs/existing-site-audit.csv; docs/01-project-context.md"
"https://nameretailer.com/niche-blog-posts/","https://nameretailer.com/content-writing-services/","301","GATED PROPOSAL: Thin overlapping content-writing offer; activate only after available evidence review with recorded history gaps and relevant destination200 readiness","docs/existing-site-audit.csv; docs/01-project-context.md"
"https://nameretailer.com/plagiarism-checking/","https://nameretailer.com/plagiarism-checking/","keep","Retain useful distinct intent; correct metadata, claims, schema and internal linking","docs/existing-site-audit.csv; docs/01-project-context.md"
"https://nameretailer.com/proofreading-editing/","https://nameretailer.com/proofreading-editing/","keep","Retain useful distinct intent; correct metadata, claims, schema and internal linking","docs/existing-site-audit.csv; docs/01-project-context.md"
"https://nameretailer.com/request-a-custom-blog-post/","https://nameretailer.com/buy-blog-posts/","301","GATED PROPOSAL: Same transaction intent as buying a blog post; activate only after available evidence review with recorded history gaps and relevant destination200 readiness","docs/existing-site-audit.csv; docs/01-project-context.md"
"https://nameretailer.com/seo-optimized-blog-posts/","https://nameretailer.com/seo-optimized-blog-posts/","keep","Retain useful distinct intent; correct metadata, claims, schema and internal linking","docs/existing-site-audit.csv; docs/01-project-context.md"
"https://nameretailer.com/social-media-promotion/","https://nameretailer.com/social-media-promotion/","keep","Retain useful distinct intent; correct metadata, claims, schema and internal linking","docs/existing-site-audit.csv; docs/01-project-context.md"
"https://nameretailer.com/contact-us/","https://nameretailer.com/contact-us/","keep","Retain useful distinct intent; correct metadata, claims, schema and internal linking","docs/existing-site-audit.csv; docs/01-project-context.md"
"https://nameretailer.com/customer-support-2/","https://nameretailer.com/help-center/","301","GATED PROPOSAL: Duplicate support intent and meta description; activate only after available evidence review with recorded history gaps and relevant destination200 readiness","docs/existing-site-audit.csv; docs/01-project-context.md"
"https://nameretailer.com/faq/","https://nameretailer.com/faq/","keep","Retain useful distinct intent; correct metadata, claims, schema and internal linking","docs/existing-site-audit.csv; docs/01-project-context.md"
"https://nameretailer.com/help-center/","https://nameretailer.com/help-center/","keep","Retain useful distinct intent; correct metadata, claims, schema and internal linking","docs/existing-site-audit.csv; docs/01-project-context.md"
"https://nameretailer.com/how-it-works/","https://nameretailer.com/how-it-works/","keep","Retain useful distinct intent; correct metadata, claims, schema and internal linking","docs/existing-site-audit.csv; docs/01-project-context.md"
"https://nameretailer.com/invoices-billing/","https://nameretailer.com/invoices-billing/","keep","Retain useful distinct intent; correct metadata, claims, schema and internal linking","docs/existing-site-audit.csv; docs/01-project-context.md"
"https://nameretailer.com/payment-methods/","https://nameretailer.com/payment-methods/","keep","Retain useful distinct intent; correct metadata, claims, schema and internal linking","docs/existing-site-audit.csv; docs/01-project-context.md"
"https://nameretailer.com/amp-validator/","https://nameretailer.com/amp-validator/","keep","Owner requires rebuild; add one H1, substantive guidance, honest data provenance and marketplace pathways","docs/existing-site-audit.csv; docs/01-project-context.md"
"https://nameretailer.com/base64-encode-decode","https://nameretailer.com/base64-encode-decode/","301","NORMALIZATION: Existing URL variant should keep a direct permanent redirect; verify final301 in one hop","docs/existing-site-audit.csv; docs/01-project-context.md"
"https://nameretailer.com/base64-encode-decode/","https://nameretailer.com/base64-encode-decode/","keep","Owner requires rebuild; add one H1, substantive guidance, honest data provenance and marketplace pathways","docs/existing-site-audit.csv; docs/01-project-context.md"
"https://nameretailer.com/bulk-domain-rating-checker-tool/","https://nameretailer.com/bulk-domain-rating-checker-tool/","keep","Owner requires rebuild; add one H1, substantive guidance, honest data provenance and marketplace pathways","docs/existing-site-audit.csv; docs/01-project-context.md"
"https://nameretailer.com/competitor-backlink-analyzer/","https://nameretailer.com/competitor-backlink-analyzer/","keep","Owner requires rebuild; add one H1, substantive guidance, honest data provenance and marketplace pathways","docs/existing-site-audit.csv; docs/01-project-context.md"
"https://nameretailer.com/compress-image","https://nameretailer.com/compress-image/","301","NORMALIZATION: Existing URL variant should keep a direct permanent redirect; verify final301 in one hop","docs/existing-site-audit.csv; docs/01-project-context.md"
"https://nameretailer.com/compress-image/","https://nameretailer.com/compress-image/","keep","Owner requires rebuild; add one H1, substantive guidance, honest data provenance and marketplace pathways","docs/existing-site-audit.csv; docs/01-project-context.md"
"https://nameretailer.com/crop-image","https://nameretailer.com/crop-image/","301","NORMALIZATION: Existing URL variant should keep a direct permanent redirect; verify final301 in one hop","docs/existing-site-audit.csv; docs/01-project-context.md"
"https://nameretailer.com/crop-image/","https://nameretailer.com/crop-image/","keep","Owner requires rebuild; add one H1, substantive guidance, honest data provenance and marketplace pathways","docs/existing-site-audit.csv; docs/01-project-context.md"
"https://nameretailer.com/file-size-converter","https://nameretailer.com/file-size-converter/","301","NORMALIZATION: Existing URL variant should keep a direct permanent redirect; verify final301 in one hop","docs/existing-site-audit.csv; docs/01-project-context.md"
"https://nameretailer.com/file-size-converter/","https://nameretailer.com/file-size-converter/","keep","Owner requires rebuild; add one H1, substantive guidance, honest data provenance and marketplace pathways","docs/existing-site-audit.csv; docs/01-project-context.md"
"https://nameretailer.com/hex-to-rgb","https://nameretailer.com/hex-to-rgb/","301","NORMALIZATION: Existing URL variant should keep a direct permanent redirect; verify final301 in one hop","docs/existing-site-audit.csv; docs/01-project-context.md"
"https://nameretailer.com/hex-to-rgb/","https://nameretailer.com/hex-to-rgb/","keep","Owner requires rebuild; add one H1, substantive guidance, honest data provenance and marketplace pathways","docs/existing-site-audit.csv; docs/01-project-context.md"
"https://nameretailer.com/high-authority-backlink-generator/","https://nameretailer.com/high-authority-backlink-generator/","keep","Owner requires rebuild; add one H1, substantive guidance, honest data provenance and marketplace pathways","docs/existing-site-audit.csv; docs/01-project-context.md"
"https://nameretailer.com/image-alt-checker/","https://nameretailer.com/image-alt-checker/","keep","Owner requires rebuild; add one H1, substantive guidance, honest data provenance and marketplace pathways","docs/existing-site-audit.csv; docs/01-project-context.md"
"https://nameretailer.com/image-to-bw","https://nameretailer.com/image-to-bw/","301","NORMALIZATION: Existing URL variant should keep a direct permanent redirect; verify final301 in one hop","docs/existing-site-audit.csv; docs/01-project-context.md"
"https://nameretailer.com/image-to-bw/","https://nameretailer.com/image-to-bw/","keep","Owner requires rebuild; add one H1, substantive guidance, honest data provenance and marketplace pathways","docs/existing-site-audit.csv; docs/01-project-context.md"
"https://nameretailer.com/image-to-webp","https://nameretailer.com/image-to-webp-converter/","301","NORMALIZATION: Existing URL variant should keep a direct permanent redirect; verify final301 in one hop","docs/existing-site-audit.csv; docs/01-project-context.md"
"https://nameretailer.com/image-to-webp-converter","https://nameretailer.com/image-to-webp-converter/","301","NORMALIZATION: Existing URL variant should keep a direct permanent redirect; verify final301 in one hop","docs/existing-site-audit.csv; docs/01-project-context.md"
"https://nameretailer.com/image-to-webp-converter/","https://nameretailer.com/image-to-webp-converter/","keep","Owner requires rebuild; add one H1, substantive guidance, honest data provenance and marketplace pathways","docs/existing-site-audit.csv; docs/01-project-context.md"
"https://nameretailer.com/jpg-to-png-converter","https://nameretailer.com/jpg-to-png-converter/","301","NORMALIZATION: Existing URL variant should keep a direct permanent redirect; verify final301 in one hop","docs/existing-site-audit.csv; docs/01-project-context.md"
"https://nameretailer.com/jpg-to-png-converter/","https://nameretailer.com/jpg-to-png-converter/","keep","Owner requires rebuild; add one H1, substantive guidance, honest data provenance and marketplace pathways","docs/existing-site-audit.csv; docs/01-project-context.md"
"https://nameretailer.com/keyword-density-checker/","https://nameretailer.com/keyword-density-checker/","keep","Owner requires rebuild; add one H1, substantive guidance, honest data provenance and marketplace pathways","docs/existing-site-audit.csv; docs/01-project-context.md"
"https://nameretailer.com/keyword-suggestion-tool/","https://nameretailer.com/keyword-suggestion-tool/","keep","Owner requires rebuild; add one H1, substantive guidance, honest data provenance and marketplace pathways","docs/existing-site-audit.csv; docs/01-project-context.md"
"https://nameretailer.com/length-converter","https://nameretailer.com/length-converter/","301","NORMALIZATION: Existing URL variant should keep a direct permanent redirect; verify final301 in one hop","docs/existing-site-audit.csv; docs/01-project-context.md"
"https://nameretailer.com/length-converter/","https://nameretailer.com/length-converter/","keep","Owner requires rebuild; add one H1, substantive guidance, honest data provenance and marketplace pathways","docs/existing-site-audit.csv; docs/01-project-context.md"
"https://nameretailer.com/online-schema-generator/","https://nameretailer.com/online-schema-generator/","keep","Owner requires rebuild; add one H1, substantive guidance, honest data provenance and marketplace pathways","docs/existing-site-audit.csv; docs/01-project-context.md"
"https://nameretailer.com/opengraph-generator/","https://nameretailer.com/opengraph-generator/","keep","Owner requires rebuild; add one H1, substantive guidance, honest data provenance and marketplace pathways","docs/existing-site-audit.csv; docs/01-project-context.md"
"https://nameretailer.com/png-to-jpg-converter","https://nameretailer.com/png-to-jpg-converter/","301","NORMALIZATION: Existing URL variant should keep a direct permanent redirect; verify final301 in one hop","docs/existing-site-audit.csv; docs/01-project-context.md"
"https://nameretailer.com/png-to-jpg-converter/","https://nameretailer.com/png-to-jpg-converter/","keep","Owner requires rebuild; add one H1, substantive guidance, honest data provenance and marketplace pathways","docs/existing-site-audit.csv; docs/01-project-context.md"
"https://nameretailer.com/px-to-rem","https://nameretailer.com/px-to-rem/","301","NORMALIZATION: Existing URL variant should keep a direct permanent redirect; verify final301 in one hop","docs/existing-site-audit.csv; docs/01-project-context.md"
"https://nameretailer.com/px-to-rem/","https://nameretailer.com/px-to-rem/","keep","Owner requires rebuild; add one H1, substantive guidance, honest data provenance and marketplace pathways","docs/existing-site-audit.csv; docs/01-project-context.md"
"https://nameretailer.com/resize-image","https://nameretailer.com/resize-image/","301","NORMALIZATION: Existing URL variant should keep a direct permanent redirect; verify final301 in one hop","docs/existing-site-audit.csv; docs/01-project-context.md"
"https://nameretailer.com/resize-image/","https://nameretailer.com/resize-image/","keep","Owner requires rebuild; add one H1, substantive guidance, honest data provenance and marketplace pathways","docs/existing-site-audit.csv; docs/01-project-context.md"
"https://nameretailer.com/reverse-text","https://nameretailer.com/reverse-text/","301","NORMALIZATION: Existing URL variant should keep a direct permanent redirect; verify final301 in one hop","docs/existing-site-audit.csv; docs/01-project-context.md"
"https://nameretailer.com/reverse-text/","https://nameretailer.com/reverse-text/","keep","Owner requires rebuild; add one H1, substantive guidance, honest data provenance and marketplace pathways","docs/existing-site-audit.csv; docs/01-project-context.md"
"https://nameretailer.com/rotate-image","https://nameretailer.com/rotate-image/","301","NORMALIZATION: Existing URL variant should keep a direct permanent redirect; verify final301 in one hop","docs/existing-site-audit.csv; docs/01-project-context.md"
"https://nameretailer.com/rotate-image/","https://nameretailer.com/rotate-image/","keep","Owner requires rebuild; add one H1, substantive guidance, honest data provenance and marketplace pathways","docs/existing-site-audit.csv; docs/01-project-context.md"
"https://nameretailer.com/schema-validator/","https://nameretailer.com/schema-validator/","keep","Owner requires rebuild; add one H1, substantive guidance, honest data provenance and marketplace pathways","docs/existing-site-audit.csv; docs/01-project-context.md"
"https://nameretailer.com/seo-tools/","https://nameretailer.com/seo-tools/","keep","Owner requires rebuild; add one H1, substantive guidance, honest data provenance and marketplace pathways","docs/existing-site-audit.csv; docs/01-project-context.md"
"https://nameretailer.com/temperature-converter","https://nameretailer.com/temperature-converter/","301","NORMALIZATION: Existing URL variant should keep a direct permanent redirect; verify final301 in one hop","docs/existing-site-audit.csv; docs/01-project-context.md"
"https://nameretailer.com/temperature-converter/","https://nameretailer.com/temperature-converter/","keep","Owner requires rebuild; add one H1, substantive guidance, honest data provenance and marketplace pathways","docs/existing-site-audit.csv; docs/01-project-context.md"
"https://nameretailer.com/text-case-converter","https://nameretailer.com/text-case-converter/","301","NORMALIZATION: Existing URL variant should keep a direct permanent redirect; verify final301 in one hop","docs/existing-site-audit.csv; docs/01-project-context.md"
"https://nameretailer.com/text-case-converter/","https://nameretailer.com/text-case-converter/","keep","Owner requires rebuild; add one H1, substantive guidance, honest data provenance and marketplace pathways","docs/existing-site-audit.csv; docs/01-project-context.md"
"https://nameretailer.com/twitter-card-generator/","https://nameretailer.com/twitter-card-generator/","keep","Owner requires rebuild; add one H1, substantive guidance, honest data provenance and marketplace pathways","docs/existing-site-audit.csv; docs/01-project-context.md"
"https://nameretailer.com/webp-to-png","https://nameretailer.com/webp-to-png-converter/","301","NORMALIZATION: Existing URL variant should keep a direct permanent redirect; verify final301 in one hop","docs/existing-site-audit.csv; docs/01-project-context.md"
"https://nameretailer.com/webp-to-png-converter","https://nameretailer.com/webp-to-png-converter/","301","NORMALIZATION: Existing URL variant should keep a direct permanent redirect; verify final301 in one hop","docs/existing-site-audit.csv; docs/01-project-context.md"
"https://nameretailer.com/webp-to-png-converter/","https://nameretailer.com/webp-to-png-converter/","keep","Owner requires rebuild; add one H1, substantive guidance, honest data provenance and marketplace pathways","docs/existing-site-audit.csv; docs/01-project-context.md"
"https://nameretailer.com/word-counter","https://nameretailer.com/word-counter/","301","NORMALIZATION: Existing URL variant should keep a direct permanent redirect; verify final301 in one hop","docs/existing-site-audit.csv; docs/01-project-context.md"
"https://nameretailer.com/word-counter/","https://nameretailer.com/word-counter/","keep","Owner requires rebuild; add one H1, substantive guidance, honest data provenance and marketplace pathways","docs/existing-site-audit.csv; docs/01-project-context.md"
